Designator,Val,Package,Mid X,Mid Y,Rotation,Layer
"C1","100uF 16V","C_1210_3225Metric_Pad1.42x2.65mm_HandSolder",8.128000,2.921000,90.000000,top
"C2","10uF 16V","C_0805_2012Metric_Pad1.15x1.40mm_HandSolder",15.875000,23.495000,90.000000,top
"C3","10uF 16V","C_0805_2012Metric_Pad1.15x1.40mm_HandSolder",15.875000,17.780000,90.000000,top
"C4","10uF 16V","C_0805_2012Metric_Pad1.15x1.40mm_HandSolder",31.750000,29.210000,0.000000,top
"CP1","0.1uF","C_0603_1608Metric_Pad1.05x0.95mm_HandSolder",1.270000,45.085000,270.000000,top
"CP2","0.1uF","C_0603_1608Metric_Pad1.05x0.95mm_HandSolder",1.270000,12.065000,270.000000,top
"CP3","0.1uF","C_0603_1608Metric_Pad1.05x0.95mm_HandSolder",13.970000,12.065000,270.000000,top
"CP4","0.1uF","C_0603_1608Metric_Pad1.05x0.95mm_HandSolder",26.670000,12.065000,270.000000,top
"CP5","0.1uF","C_0603_1608Metric_Pad1.05x0.95mm_HandSolder",39.370000,12.065000,270.000000,top
"CP6","0.1uF","C_0603_1608Metric_Pad1.05x0.95mm_HandSolder",1.270000,23.114000,270.000000,top
"CP7","0.1uF","C_0603_1608Metric_Pad1.05x0.95mm_HandSolder",1.270000,34.050000,270.000000,top
"CP8","0.1uF","C_0603_1608Metric_Pad1.05x0.95mm_HandSolder",25.400000,45.085000,270.000000,top
"CP9","0.1uF","C_0603_1608Metric_Pad1.05x0.95mm_HandSolder",12.700000,45.085000,270.000000,top
"CP10","0.1uF","C_0603_1608Metric_Pad1.05x0.95mm_HandSolder",36.830000,45.085000,270.000000,top
"CP13","0.1uF","C_0603_1608Metric_Pad1.05x0.95mm_HandSolder",17.780000,28.575000,270.000000,top
"D1","LED","D_0603_1608Metric_Pad1.05x0.95mm_HandSolder",54.991000,29.591000,270.000000,top
"D2","LED","D_0603_1608Metric_Pad1.05x0.95mm_HandSolder",54.991000,24.257000,270.000000,top
"D3","LED","D_0603_1608Metric_Pad1.05x0.95mm_HandSolder",54.991000,18.923000,270.000000,top
"D4","LED","D_0603_1608Metric_Pad1.05x0.95mm_HandSolder",54.991000,13.589000,270.000000,top
"D5","LED","D_0603_1608Metric_Pad1.05x0.95mm_HandSolder",52.451000,45.720000,270.000000,top
"D6","LED","D_0603_1608Metric_Pad1.05x0.95mm_HandSolder",52.451000,40.513000,270.000000,top
"R1","DNP","R_0603_1608Metric_Pad1.05x0.95mm_HandSolder",5.817000,2.921000,90.000000,top
"R2","1K","R_0603_1608Metric_Pad1.05x0.95mm_HandSolder",29.210000,17.780000,90.000000,top
"R3","1K","R_0603_1608Metric_Pad1.05x0.95mm_HandSolder",31.750000,17.780000,90.000000,top
"R4","1K","R_0603_1608Metric_Pad1.05x0.95mm_HandSolder",34.290000,17.780000,90.000000,top
"R5","1K","R_0603_1608Metric_Pad1.05x0.95mm_HandSolder",36.830000,17.780000,90.000000,top
"R6","1K","R_0603_1608Metric_Pad1.05x0.95mm_HandSolder",36.830000,35.560000,180.000000,top
"R7","1K","R_0603_1608Metric_Pad1.05x0.95mm_HandSolder",36.830000,33.020000,180.000000,top
"R8","1K","R_0603_1608Metric_Pad1.05x0.95mm_HandSolder",36.830000,30.480000,180.000000,top
"R9","1K","R_0603_1608Metric_Pad1.05x0.95mm_HandSolder",36.830000,27.940000,180.000000,top
"R10","1K","R_0603_1608Metric_Pad1.05x0.95mm_HandSolder",20.320000,34.290000,270.000000,top
"R11","1K","R_0603_1608Metric_Pad1.05x0.95mm_HandSolder",21.590000,17.780000,90.000000,top
"R20","10K","R_0603_1608Metric_Pad1.05x0.95mm_HandSolder",17.780000,34.290000,90.000000,top
"R21","100K","R_0603_1608Metric_Pad1.05x0.95mm_HandSolder",24.130000,17.780000,270.000000,top
"R22","100K","R_0603_1608Metric_Pad1.05x0.95mm_HandSolder",19.050000,17.780000,90.000000,top
"R23","100K","R_0603_1608Metric_Pad1.05x0.95mm_HandSolder",25.400000,34.290000,270.000000,top
"R24","100K","R_0603_1608Metric_Pad1.05x0.95mm_HandSolder",26.670000,17.780000,90.000000,top
"R25","3.3K","R_0603_1608Metric_Pad1.05x0.95mm_HandSolder",27.940000,34.290000,270.000000,top
"R26","33K","R_0603_1608Metric_Pad1.05x0.95mm_HandSolder",22.860000,34.290000,90.000000,top
"R27","100","R_0603_1608Metric_Pad1.05x0.95mm_HandSolder",36.830000,22.860000,180.000000,top
"R28","100","R_0603_1608Metric_Pad1.05x0.95mm_HandSolder",36.830000,25.400000,180.000000,top
"R38","1K","R_0603_1608Metric_Pad1.05x0.95mm_HandSolder",49.454000,45.720000,270.000000,top
"R39","1K","R_0603_1608Metric_Pad1.05x0.95mm_HandSolder",49.454000,40.513000,270.000000,top
"SW1","INPUT","SW_DIP_SPSTx04_Slide_Omron_A6S-410x_W8.9mm_P2.54mm",45.720000,31.750000,0.000000,top
"SW18","Manual Clock","SW_SPST_B3U-1000P-B",41.275000,19.685000,90.000000,top
"SW19","Reset","SW_SPST_B3U-1000P-B",48.260000,19.685000,90.000000,top
"U1","74HC74","SOIC-14_3.9x8.7mm_Pitch1.27mm",6.960000,43.180000,90.000000,top
"U2","74HC161","SOIC-16_3.9x9.9mm_Pitch1.27mm",7.620000,10.160000,90.000000,top
"U3","74HC161","SOIC-16_3.9x9.9mm_Pitch1.27mm",20.320000,10.160000,90.000000,top
"U4","74HC161","SOIC-16_3.9x9.9mm_Pitch1.27mm",33.020000,10.160000,90.000000,top
"U5","74HC161","SOIC-16_3.9x9.9mm_Pitch1.27mm",45.720000,10.160000,90.000000,top
"U6","74HC153","SOIC-16_3.9x9.9mm_Pitch1.27mm",7.620000,21.209000,90.000000,top
"U7","74HC153","SOIC-16_3.9x9.9mm_Pitch1.27mm",7.620000,32.131000,90.000000,top
"U8","74HC32","SOIC-14_3.9x8.7mm_Pitch1.27mm",31.115000,43.180000,90.000000,top
"U9","74HC283","SOIC-16_3.9x9.9mm_Pitch1.27mm",19.050000,43.180000,90.000000,top
"U10","74HC10","SOIC-14_3.9x8.7mm_Pitch1.27mm",42.545000,43.180000,90.000000,top
"U13","74HC14","SOIC-14_3.9x8.7mm_Pitch1.27mm",23.495000,26.670000,90.000000,top
